user_id,game_name,rate
59945701,Ultra Street Fighter IV,5
59945701,FINAL FANTASY XIII,5
59945701,The Elder Scrolls V Skyrim,5
59945701,Sid Meier's Civilization V,3
59945701,L.A. Noire,3
59945701,Company of Heroes Tales of Valor,2
59945701,7 Days to Die,2
59945701,Divekick,2
59945701,FINAL FANTASY VII,2
59945701,Orcs Must Die! 2,1
59945701,Killing Floor,1
59945701,Company of Heroes,1
59945701,Bastion,1
59945701,Undertale,1
59945701,Counter-Strike Global Offensive,1
59945701,Orcs Must Die!,1
59945701,THE KING OF FIGHTERS XIII STEAM EDITION,1
59945701,GUILTY GEAR XX ACCENT CORE PLUS R,1
59945701,Skullgirls,1
59945701,Assassin's Creed II,1
59945701,Company of Heroes Opposing Fronts,1
59945701,Team Fortress 2,1
76933274,Alien Swarm,1
126340495,Dota 2,5
126340495,Counter-Strike Global Offensive,5
126340495,Counter-Strike Source,5
126340495,Rust,5
126340495,Saints Row IV,5
126340495,Team Fortress 2,3
126340495,Dead Island Riptide,3
126340495,Flatout 3,2
126340495,Garry's Mod,2
126340495,Counter-Strike Nexon Zombies,2
126340495,Outlast,1
126340495,Robocraft,1
126340495,Far Cry 3,1
126340495,Everlasting Summer,1
126340495,Dead Island Epidemic,1
126340495,War Thunder,1
126340495,DCS World,1
92107940,The Elder Scrolls V Skyrim,5
92107940,7 Days to Die,5
92107940,Garry's Mod,5
92107940,Far Cry 3 Blood Dragon,4
92107940,ORION Prelude,2
92107940,Hotline Miami,2
92107940,Goat Simulator,1
92107940,Hotline Miami 2 Wrong Number,1
92107940,Amnesia A Machine for Pigs,1
99189757,Team Fortress 2,5
30695285,Counter-Strike Condition Zero,5
30695285,Counter-Strike,1
144004384,Dota 2,3
11373749,Team Fortress 2,5
11373749,Rocket League,5
11373749,Left 4 Dead 2,5
11373749,The Elder Scrolls V Skyrim,5
11373749,Audiosurf,5
11373749,Fallout 3 - Game of the Year Edition,5
11373749,The Elder Scrolls IV Oblivion ,5
11373749,Terraria,5
11373749,Assassin's Creed Brotherhood,5
11373749,Grand Theft Auto V,5
11373749,Saints Row 2,5
11373749,Grand Theft Auto Episodes from Liberty City,5
11373749,The Witcher Enhanced Edition,5
11373749,Super Meat Boy,5
11373749,Left 4 Dead,5
11373749,Saints Row The Third,5
11373749,Batman Arkham Origins,5
11373749,The Witcher 2 Assassins of Kings Enhanced Edition,5
11373749,The Elder Scrolls III Morrowind,5
11373749,Bookworm Adventures Deluxe,5
11373749,Star Wars Knights of the Old Republic,5
11373749,Watch_Dogs,4
11373749,Sleeping Dogs,4
11373749,GRID,4
11373749,Hidden Object Bundle 4 in 1,4
11373749,Darksiders,3
11373749,Worms Reloaded,3
11373749,FlatOut Ultimate Carnage,3
11373749,SimCity 4 Deluxe,3
11373749,Portal 2,3
11373749,Call of Duty Black Ops - Multiplayer,3
11373749,Rogue Legacy,3
11373749,Trine,3
11373749,Chivalry Medieval Warfare,3
11373749,Spelunky,3
11373749,Ghost Master,3
11373749,Peggle Deluxe,3
11373749,Alan Wake,3
11373749,Peggle Nights,3
11373749,Sherlock Holmes Nemesis,3
11373749,Puzzler World 2,3
11373749,Tomb Raider,3
11373749,Bejeweled 3,3
11373749,Half-Life 2,3
11373749,Alice Madness Returns,3
11373749,BioShock,3
11373749,The Book of Unwritten Tales,3
11373749,FEZ,3
11373749,The Movies,3
11373749,Guacamelee! Gold Edition,3
11373749,The Walking Dead,3
11373749,MacGuffin's Curse,3
11373749,The Testament of Sherlock Holmes,3
11373749,Bully Scholarship Edition,2
11373749,Indigo Prophecy,2
11373749,Just Cause 2,2
11373749,Crazy Machines 2,2
11373749,The Secret of Monkey Island Special Edition,2
11373749,Kingdoms of Amalur Reckoning,2
11373749,"Cook, Serve, Delicious!",2
11373749,Deponia The Complete Journey,2
11373749,Game Dev Tycoon,2
11373749,Prison Architect,2
11373749,Bastion,2
11373749,Call of Duty Modern Warfare 2,2
11373749,Tales of Monkey Island Chapter 1 - Launch of the Screaming Narwhal,2
11373749,DiRT 2,2
11373749,Worms Clan Wars,2
11373749,Ghostbusters The Video Game,2
11373749,Monkey Island 2 Special Edition,2
11373749,Vessel,2
11373749,Dishonored,2
11373749,4 Elements,2
11373749,Cryostasis,2
11373749,The Ball,2
11373749,TrackMania Stadium,2
11373749,Aura Fate of the Ages,2
11373749,Cave Story+,2
11373749,Scribblenauts Unlimited,2
11373749,Eets,2
11373749,Trials 2 Second Edition,2
11373749,Grim Legends The Forsaken Bride,2
11373749,Call of Duty Modern Warfare 2 - Multiplayer,2
11373749,Machinarium,2
11373749,Call of Duty Black Ops,2
11373749,Nightmares from the Deep 2 The Siren`s Call,2
11373749,Banished,2
11373749,Lara Croft and the Guardian of Light,2
11373749,Antichamber,2
11373749,Goat Simulator,2
11373749,Tales of Monkey Island Chapter 2 - The Siege of Spinner Cay ,2
11373749,The Jackbox Party Pack,2
11373749,Abyss The Wraiths of Eden,2
11373749,Anodyne,2
11373749,Tales of Monkey Island Chapter 3 - Lair of the Leviathan ,2
11373749,Penumbra Overture,2
11373749,Singularity,2
11373749,Osmos,2
11373749,The Maw,2
11373749,Psychonauts,2
11373749,Poker Night at the Inventory,2
11373749,Penumbra Black Plague,2
11373749,Sinister City,2
11373749,Puzzle Agent,2
11373749,S.T.A.L.K.E.R. Shadow of Chernobyl,2
11373749,Counter-Strike Global Offensive,2
11373749,Cargo! - The quest for gravity,2
11373749,Rocketbirds Hardboiled Chicken,2
11373749,Atom Zombie Smasher ,2
11373749,Nightmares from the Deep The Cursed Heart,2
11373749,"Papers, Please",2
11373749,Insanely Twisted Shadow Planet,2
11373749,Surgeon Simulator,1
11373749,Cities Skylines,1
11373749,Alchemy Mysteries Prague Legends,1
11373749,Clockwork Tales Of Glass and Ink,1
11373749,CID The Dummy,1
11373749,Tales of Monkey Island Chapter 4 - The Trial and Execution of Guybrush Threepwood ,1
11373749,Portal,1
11373749,Puzzle Agent 2,1
11373749,Torchlight II,1
11373749,9 Clues The Secret of Serpent Creek,1
11373749,The Tiny Bang Story,1
11373749,Braid,1
11373749,VVVVVV,1
11373749,And Yet It Moves,1
11373749,Broken Age,1
11373749,Wallace & Gromit Ep 1 Fright of the Bumblebees,1
11373749,Shoppe Keep,1
11373749,Gone Home,1
11373749,Windosill,1
11373749,Plants vs. Zombies Game of the Year,1
11373749,Sam & Max 105 Reality 2.0,1
11373749,Tales of Monkey Island Chapter 5 - Rise of the Pirate God,1
11373749,ibb & obb,1
11373749,Botanicula,1
11373749,Monaco,1
11373749,Obulis,1
11373749,Nidhogg,1
11373749,Sam & Max 106 Bright Side of the Moon,1
11373749,Alien Swarm,1
11373749,Chime,1
11373749,RollerCoaster Tycoon 3 Platinum!,1
11373749,Sam & Max 101 Culture Shock,1
11373749,Sam & Max 104 Abe Lincoln Must Die!,1
11373749,"Ben There, Dan That!",1
11373749,Hector Ep 1,1
11373749,Resident Evil 5 / Biohazard 5,1
11373749,Dungeon Defenders,1
11373749,The Wolf Among Us,1
11373749,Fate of the World,1
11373749,State of Decay,1
11373749,Dota 2,1
11373749,Contagion,1
11373749,Shatter,1
11373749,World of Goo,1
11373749,Toki Tori,1
11373749,The Beginner's Guide,1
11373749,Octodad Dadliest Catch,1
11373749,TRAUMA,1
11373749,Trials Evolution Gold Edition,1
11373749,Half-Life,1
11373749,"Sam & Max 103 The Mole, the Mob and the Meatball",1
11373749,Penumbra Requiem,1
11373749,Spectraball,1
11373749,Plain Sight,1
11373749,The Cave,1
11373749,Crayon Physics Deluxe,1
11373749,Sonic & All-Stars Racing Transformed,1
11373749,Just Cause 2 Multiplayer Mod,1
11373749,Garry's Mod,1
11373749,Blocks That Matter,1
11373749,"Time Gentlemen, Please!",1
11373749,Trine 2,1
11373749,F.E.A.R. 2 Project Origin,1
11373749,Dark Souls Prepare to Die Edition,1
11373749,Blur,1
11373749,YOU DON'T KNOW JACK Vol. 1 XL,1
11373749,Unturned,1
11373749,Port of Call,1
11373749,Magicka,1
11373749,The Stanley Parable,1
11373749,Sam & Max 102 Situation Comedy,1
11373749,LEGO Worlds,1
11373749,Zeno Clash,1
11373749,FORCED,1
11373749,Hydrophobia Prophecy,1
11373749,Gravilon,1
11373749,The Longest Journey,1
11373749,Shadow Puppeteer,1
11373749,The Path - Prologue,1
11373749,The Misadventures of P.B. Winterbottom,1
11373749,Vertiginous Golf,1
11373749,Counter-Strike Source,1
11373749,BattleBlock Theater,1
11373749,EDGE,1
11373749,Shank 2,1
11373749,Jolly Rover,1
11373749,Fallout New Vegas,1
11373749,Team Fortress Classic,1
11373749,Orcs Must Die!,1
11373749,Tomb Raider I,1
11373749,RUSH,1
11373749,Sid Meier's Civilization IV,1
140293612,Dota 2,5
38763767,Counter-Strike,1
126656629,Dota 2,1
109278470,Counter-Strike Global Offensive,5
109278470,Half-Life 2 Episode Two,1
109278470,Team Fortress 2,1
92842632,Team Fortress 2,4
92842632,Dungeon Defenders,3
92842632,Chivalry Medieval Warfare,2
103973922,Empire Total War,5
103973922,Napoleon Total War,1
111479516,Dota 2,5
64350600,Counter-Strike,5
64350600,Heroes & Generals,3
64350600,Unturned,2
64350600,Left 4 Dead 2,2
64350600,La Tale,2
64350600,Dota 2,1
64350600,Endless Sky,1
64350600,Amazing World,1
64350600,Hazard Ops,1
64350600,Codename CURE,1
64350600,Blacklight Retribution,1
64350600,Arma 2,1
64350600,Quake Live,1
93085014,R.U.S.E,5
93085014,Total War ROME II - Emperor Edition,4
93085014,Star Wars - Battlefront II,2
93085014,Stronghold 3,1
92173524,Starpoint Gemini 2,1
92173524,Torchlight II,1
92173524,Dungeon Defenders,1
124884511,Dota 2,5
124884511,Unturned,1
2428602,Dota 2,5
2428602,Counter-Strike,1
99609673,Team Fortress 2,1
63276972,Prison Architect,5
63276972,Don't Starve,5
63276972,Sid Meier's Civilization V,5
63276972,Banished,5
63276972,Cities Skylines,5
63276972,Democracy 3,3
63276972,Rust,2
63276972,This War of Mine,2
63276972,Tropico 5,2
63276972,AdVenture Capitalist,2
63276972,Left 4 Dead 2,1
63276972,Half-Life 2,1
63276972,Surgeon Simulator,1
63276972,"Papers, Please",1
63276972,Portal,1
63276972,Life Is Strange,1
87445402,Fallout 4,5
87445402,Risen 2 - Dark Waters,4
87445402,Hitman Absolution,3
87445402,Killing Floor 2,1
87445402,Spooky's House of Jump Scares,1
107948398,"Warhammer 40,000 Dawn of War  Dark Crusade",5
107948398,Age of Empires III Complete Collection,5
107948398,"Warhammer 40,000 Space Marine",5
84668956,Team Fortress 2,1
94088853,The Elder Scrolls V Skyrim,5
94088853,Sid Meier's Civilization V,5
94088853,Banished,5
94088853,Far Cry 3,4
94088853,Age of Empires II HD Edition,4
94088853,RollerCoaster Tycoon 3 Platinum!,4
94088853,Reus,4
94088853,Borderlands 2,3
94088853,Need for Speed Hot Pursuit,3
94088853,DARK SOULS II Scholar of the First Sin,3
94088853,Unturned,3
94088853,Dota 2,3
94088853,Dungeon Defenders,3
94088853,ORION Prelude,2
94088853,The Forest,2
94088853,Terraria,2
94088853,Portal 2,2
94088853,Realm of the Mad God,2
94088853,FINAL FANTASY III,2
94088853,Goat Simulator,2
94088853,Mirror's Edge,2
94088853,Knights of Pen and Paper +1,2
94088853,FINAL FANTASY VII,1
94088853,Super Meat Boy,1
94088853,Dark Souls Prepare to Die Edition,1
94088853,Dead Space,1
94088853,Crysis 2 Maximum Edition,1
106238372,Ys Origin,3
106238372,Mark of the Ninja,2
106238372,Dust An Elysian Tail,1
25941262,Counter-Strike Source,5
25941262,Counter-Strike,1
100519466,Arma 3,5
100519466,Garry's Mod,5
100519466,ARK Survival Evolved,5
100519466,Arma 2 Operation Arrowhead,5
100519466,Saints Row The Third,5
100519466,Space Engineers,5
100519466,Robocraft,5
100519466,Team Fortress 2,5
100519466,Sniper Ghost Warrior,4
100519466,PAYDAY 2,4
100519466,Euro Truck Simulator 2,4
100519466,Farming Simulator 15,3
100519466,Sniper Ghost Warrior 2,3
100519466,BLOCKADE 3D,3
100519466,HAWKEN,3
100519466,Borderlands 2,3
100519466,Portal 2,3
100519466,Dishonored,3
100519466,Rocket League,2
100519466,Dead Island,2
100519466,Rise of Nations Extended Edition,2
100519466,Warframe,2
100519466,Sid Meier's Civilization Beyond Earth,2
100519466,Don't Starve,1
100519466,The Elder Scrolls V Skyrim,1
100519466,PlanetSide 2,1
100519466,Need for Speed SHIFT,1
100519466,War Thunder,1
100519466,APB Reloaded,1
100519466,SpeedRunners,1
100519466,Arma 2,1
100519466,Saints Row IV,1
100519466,Toribash,1
100519466,Tactical Intervention,1
95898619,Counter-Strike Source,5
95898619,Counter-Strike Global Offensive,5
95898619,Hitman 2 Silent Assassin,2
95898619,Counter-Strike Condition Zero,2
95898619,Insurgency Modern Infantry Combat,2
95898619,Dead Island,2
95898619,Counter-Strike,1
69857045,Mafia II,3
99017037,Far Cry 3,5
99017037,Jagged Alliance - Back in Action,5
99017037,Torchlight II,5
30280104,Counter-Strike Source,1
30280104,Half-Life 2 Deathmatch,1
30280104,Dota 2,1
103669953,Portal 2,1
103669953,Kentucky Route Zero,1
103669953,LIMBO,1
76216184,Magic The Gathering - Duels of the Planeswalkers,2
96674283,Commandos 2 Men of Courage,1
130280718,Team Fortress 2,5
130280718,AirMech,3
130280718,Counter-Strike Global Offensive,3
130280718,Garry's Mod,3
130280718,PAYDAY 2,2
130280718,Scribblenauts Unlimited,2
130280718,Dota 2,2
130280718,Unturned,2
130280718,Robocraft,1
130280718,Starbound,1
130280718,Verdun,1
130280718,The Mighty Quest For Epic Loot,1
130280718,ARK Survival Evolved,1
130280718,RaceRoom Racing Experience ,1
130280718,WARMODE,1
108601099,Empire Total War,5
89161051,Gotham City Impostors Free To Play,5
65716118,Call of Duty Modern Warfare 2 - Multiplayer,5
65716118,Counter-Strike Source,5
65716118,Call of Duty Black Ops - Multiplayer,5
65716118,Total War ROME II - Emperor Edition,5
65716118,Counter-Strike Global Offensive,5
65716118,Hitman Absolution,4
65716118,The Elder Scrolls V Skyrim,3
65716118,Alien Swarm,3
65716118,Call of Duty Modern Warfare 2,3
65716118,Call of Duty Black Ops,3
65716118,Hitman Sniper Challenge,2
65716118,Tom Clancy's Rainbow Six 3 Gold Edition,2
65716118,Rome Total War,2
65716118,Napoleon Total War,1
65716118,Arma 3,1
65716118,Sniper Ghost Warrior,1
65716118,Half-Life 2 Deathmatch,1
65716118,Rome Total War - Alexander,1
65716118,Half-Life 2 Lost Coast,1
65716118,Besiege,1
65716118,Day of Defeat Source,1
144004666,Dota 2,1
98152188,The Elder Scrolls V Skyrim,5
75228114,Call of Duty Black Ops - Multiplayer,5
75228114,Call of Duty Black Ops,2
143693450,Dota 2,1
39446138,Portal 2,3
39446138,LIMBO,1
39446138,Goat Simulator,1
39446138,Braid,1
81743539,Endless Space,2
81743539,Team Fortress 2,1
81743539,Half-Life,1
81743539,Portal,1
81743539,Call of Duty Black Ops,1
88919723,Football Manager 2011,4
88585138,Portal,1
88585138,Team Fortress 2,1
24932641,Half-Life 2,2
24932641,Half-Life Source,1
71082079,Sid Meier's Civilization IV,5
71082079,The Elder Scrolls V Skyrim,4
71082079,Stronghold HD,1
71082079,The Lord of the Rings Online,1
64315060,Alien Swarm,1
25096601,Dota 2,5
25096601,Sid Meier's Civilization V,5
25096601,The Elder Scrolls V Skyrim,5
25096601,The Binding of Isaac Rebirth,4
25096601,Fallout New Vegas,3
25096601,Recettear An Item Shop's Tale,3
25096601,Hotline Miami,3
25096601,Sid Meier's Civilization Beyond Earth,2
25096601,Counter-Strike Global Offensive,2
25096601,Metro Last Light Redux,2
25096601,The Forest,2
25096601,Rust,2
25096601,Metro 2033 Redux,2
25096601,BioShock Infinite,2
25096601,"Papers, Please",2
25096601,Half-Life 2,2
25096601,Counter-Strike Source,1
25096601,Portal 2,1
25096601,Tom Clancy's Splinter Cell Blacklist,1
25096601,Oddworld Abe's Exoddus,1
25096601,Far Cry 3,1
25096601,Team Fortress 2,1
25096601,Fallout 4,1
25096601,Surgeon Simulator,1
25096601,Dust An Elysian Tail,1
25096601,Nosgoth,1
25096601,The Ship,1
25096601,"Warhammer 40,000 Dawn of War II",1
25096601,Crusader Kings II,1
25096601,Max Payne 3,1
25096601,The Witcher 2 Assassins of Kings Enhanced Edition,1
25096601,FreeStyle2 Street Basketball,1
25096601,Dirty Bomb,1
25096601,Chivalry Medieval Warfare,1
25096601,Batman Arkham Origins,1
25096601,Left 4 Dead 2,1
25096601,Saints Row The Third,1
25096601,Shovel Knight,1
25096601,Red Faction Armageddon,1
25096601,Company of Heroes,1
25096601,Hotline Miami 2 Wrong Number,1
25096601,Broken Sword 3 - the Sleeping Dragon,1
25096601,The Last Remnant,1
25096601,Resident Evil Revelations 2 / Biohazard Revelations 2,1
25096601,Death Skid Marks,1
25096601,Oceanhorn Monster of Uncharted Seas,1
25096601,FINAL FANTASY VII,1
25096601,The Vanishing of Ethan Carter,1
25096601,This War of Mine,1
25096601,Road Redemption,1
25096601,Styx Master of Shadows,1
25096601,The Evil Within,1
25096601,Half-Life 2 Episode Two,1
120377800,Serious Sam HD The Second Encounter,4
88735140,Magicka,1
115003799,Dota 2,1
112590296,Dota 2,1
62654923,Call of Duty Modern Warfare 3 - Multiplayer,5
62654923,Call of Duty Black Ops,5
62654923,Call of Duty Modern Warfare 2,5
62654923,Call of Duty Modern Warfare 3,5
62654923,Call of Duty Black Ops - Multiplayer,5
62654923,Call of Duty Advanced Warfare,2
62654923,Star Wars The Force Unleashed Ultimate Sith Edition,2
62654923,Call of Duty Advanced Warfare - Multiplayer,1
62654923,Call of Duty Modern Warfare 2 - Multiplayer,1
62654923,Portal,1
62654923,Aliens vs. Predator,1
56256991,Dota 2,5
56256991,Call of Duty Black Ops - Multiplayer,5
56256991,Call of Duty Black Ops,5
56256991,Call of Duty Ghosts,2
56256991,Counter-Strike Global Offensive,1
86338111,Team Fortress 2,5
86338111,Sid Meier's Civilization V,5
86338111,Garry's Mod,5
86338111,Don't Starve,4
86338111,HuniePop,4
86338111,Left 4 Dead 2,4
86338111,Amnesia The Dark Descent,4
86338111,Killing Floor,3
86338111,Unturned,3
86338111,7 Days to Die,3
86338111,The Walking Dead,3
86338111,Grand Theft Auto San Andreas,3
86338111,Plants vs. Zombies Game of the Year,2
86338111,The Wolf Among Us,2
86338111,The Walking Dead Season Two,2
86338111,Realm of the Mad God,2
86338111,Starbound,2
86338111,Surgeon Simulator,2
86338111,Portal 2,2
86338111,Poker Night 2,1
86338111,Gone Home,1
86338111,Castle Crashers,1
86338111,Rabbit Hole 3D Steam Edition,1
86338111,Game Dev Tycoon,1
86338111,Poker Night at the Inventory,1
86338111,Arma 2 Operation Arrowhead,1
86338111,Half-Life 2,1
86338111,The Basement Collection,1
86338111,Arma 2,1
86338111,Only If,1
86338111,Haunted Memories,1
83978676,Team Fortress 2,1
82235763,Homefront,2
112994491,Half-Life 2,5
112994491,Team Fortress 2,4
112994491,The Walking Dead,3
112994491,Half-Life 2 Episode Two,3
112994491,Half-Life 2 Episode One,2
112994491,Left 4 Dead 2,1
112994491,Counter-Strike Condition Zero,1
112994491,Left 4 Dead,1
112994491,Counter-Strike,1
85614332,Team Fortress 2,5
77870593,Sid Meier's Civilization V,5
77870593,Napoleon Total War,5
77870593,Rome Total War,5
77870593,Medieval II Total War,5
77870593,Men of War,5
77870593,Rome Total War - Alexander,5
77870593,Medieval II Total War Kingdoms,5
77870593,Empire Total War,5
77870593,Sniper Elite V2,3
77870593,Men of War Vietnam,3
77870593,Wargame European Escalation,3
77870593,Men of War Condemned Heroes,2
77870593,Toy Soldiers,1
77870593,Men of War Assault Squad,1
43804972,Sid Meier's Civilization V,5
32498610,Counter-Strike Global Offensive,5
32498610,Counter-Strike,5
32498610,Team Fortress 2,5
32498610,Left 4 Dead 2,3
32498610,Vindictus,2
32498610,Archeblade,1
32498610,Creativerse,1
32498610,Counter-Strike Source,1
32498610,Dota 2,1
32498610,Warframe,1
53079481,Speedball 2 Tournament,1
65958466,Dota 2,5
65958466,Mass Effect,5
65958466,Dragon Age Origins - Ultimate Edition,5
65958466,Fallout 4,5
65958466,Mass Effect 2,5
65958466,Fable - The Lost Chapters,5
65958466,DayZ,5
65958466,Killing Floor,5
65958466,The Elder Scrolls V Skyrim,5
65958466,Elite Dangerous,5
65958466,Chivalry Medieval Warfare,5
65958466,Sins of a Solar Empire Rebellion,5
65958466,Far Cry 3,5
65958466,Darksiders II,5
65958466,Warframe,5
65958466,Age of Empires II HD Edition,4
65958466,Batman Arkham Asylum GOTY Edition,4
65958466,Team Fortress 2,4
65958466,Deus Ex Human Revolution,4
65958466,The Binding of Isaac,4
65958466,STAR WARS Knights of the Old Republic II The Sith Lords,4
65958466,Fallout New Vegas,4
65958466,Far Cry 4,4
65958466,Crusader Kings II,4
65958466,Assassin's Creed II,3
65958466,Risk of Rain,3
65958466,Darksiders,3
65958466,Mirror's Edge,3
65958466,Dark Souls Prepare to Die Edition,3
65958466,Wasteland 2,3
65958466,Endless Space,3
65958466,Garry's Mod,3
65958466,Portal,3
65958466,FTL Faster Than Light,3
65958466,Metro 2033,3
65958466,Europa Universalis IV,3
65958466,The Banner Saga,3
65958466,Guns of Icarus Online,3
65958466,Batman Arkham City,3
65958466,Half-Life 2,2
65958466,Magicite,2
65958466,Don't Starve Together Beta,2
65958466,Terraria,2
65958466,Hotline Miami,2
65958466,"Warhammer 40,000 Space Marine",2
65958466,Fallout,2
65958466,Spec Ops The Line,2
65958466,System Shock 2,2
65958466,Dominions 4,2
65958466,Dishonored,2
65958466,Magicka,2
65958466,Stronghold HD,2
65958466,Crypt of the NecroDancer,2
65958466,God Mode,2
65958466,Age of Mythology Extended Edition,2
65958466,Metro Last Light Redux,2
65958466,Counter-Strike Global Offensive,2
65958466,Killing Floor 2,2
65958466,Dead Space,2
65958466,Shadowrun Dragonfall - Director's Cut,2
65958466,BioShock 2,1
65958466,Divinity II Developer's Cut,1
65958466,Stronghold Crusader HD,1
65958466,Sid Meier's Civilization V,1
65958466,Cities XL Platinum,1
65958466,Red Faction Guerrilla Steam Edition,1
65958466,Company of Heroes,1
65958466,SOMA,1
65958466,Contagion,1
65958466,Retrovirus,1
65958466,Hammerwatch,1
65958466,RAW - Realms of Ancient War,1
65958466,LIMBO,1
65958466,Evochron Mercenary,1
65958466,DOOM 3 BFG Edition,1
65958466,Nidhogg,1
65958466,Don't Starve,1
65958466,Star Wars Knights of the Old Republic,1
65958466,Monaco,1
65958466,The Ship,1
65958466,"Warhammer 40,000 Dawn of War  Dark Crusade",1
65958466,Little Inferno,1
65958466,Unturned,1
65958466,Saints Row The Third,1
65958466,Dear Esther,1
65958466,Fallout 2,1
65958466,Castle Crashers,1
65958466,Fallout Tactics,1
65958466,Of Orcs And Men,1
65958466,Tomb Raider,1
65958466,Confrontation,1
65958466,Total War SHOGUN 2,1
65958466,Alien Swarm,1
65958466,Stronghold 2,1
65958466,Game of Thrones ,1
65958466,Star Wars - Jedi Knight II Jedi Outcast,1
65958466,Blood Bowl Legendary Edition,1
77905942,The Elder Scrolls V Skyrim,5
77905942,Dragon Age Origins - Ultimate Edition,5
77905942,Sid Meier's Civilization V,5
77905942,Bastion,3
77905942,Costume Quest,1
134590374,Dota 2,5
43908860,Call of Duty Modern Warfare 2 - Multiplayer,5
43908860,Call of Duty Modern Warfare 3 - Multiplayer,5
43908860,Call of Duty Black Ops - Multiplayer,5
43908860,Call of Duty Modern Warfare 2,5
43908860,Portal,5
43908860,Far Cry 3,3
43908860,Call of Duty Modern Warfare 3,3
43908860,Portal 2,3
43908860,Call of Duty Black Ops,3
43908860,Half-Life 2 Episode Two,3
43908860,Half-Life 2 Episode One,2
43908860,AdVenture Capitalist,2
43908860,Half-Life 2,1
43908860,Team Fortress 2,1
43908860,Half-Life 2 Lost Coast,1
43908860,The Stanley Parable,1
105796956,Team Fortress 2,5
87821312,Counter-Strike,5
87821312,Counter-Strike Global Offensive,1
130950166,Dota 2,1
23718710,Counter-Strike,1
126602285,Serious Sam HD The Second Encounter,1
95440541,Call of Duty Modern Warfare 3 - Multiplayer,5
95440541,Call of Duty Modern Warfare 3,4
95440541,R.U.S.E,2
95440541,Team Fortress 2,2
58117481,Counter-Strike Source,5
135879753,Counter-Strike Global Offensive,5
135879753,Call of Duty Black Ops II - Multiplayer,4
135879753,theHunter,4
135879753,Call of Duty 4 Modern Warfare,3
135879753,Half-Life 2,3
135879753,Insurgency,3
135879753,Deus Ex Human Revolution,2
135879753,Half-Life 2 Episode One,2
135879753,Call of Duty Black Ops II,1
135879753,DayZ,1
135879753,Assassin's Creed,1
135879753,Half-Life Deathmatch Source,1
135879753,Counter-Strike Condition Zero,1
135879753,Team Fortress Classic,1
135879753,Half-Life 2 Deathmatch,1
135879753,Call of Duty World at War,1
135879753,Counter-Strike,1
135879753,Half-Life Opposing Force,1
128831281,Dota 2,5
110879737,Star Trek D-A-C,1
58192081,Call of Duty Modern Warfare 2,2
23883383,Counter-Strike Source,5
23883383,Half-Life 2 Deathmatch,1
23883383,Alien Swarm,1
23883383,Day of Defeat Source,1
23883383,Team Fortress 2,1
111343998,"Warhammer 40,000 Dawn of War II",1
49350285,Counter-Strike Source,5
49350285,Left 4 Dead 2,5
49350285,Left 4 Dead,5
49350285,Dead Island,4
49350285,Portal 2,3
49350285,Tomb Raider,3
49350285,Metro 2033,2
49350285,Portal,2
49350285,Amnesia A Machine for Pigs,1
49350285,Alan Wake,1
49350285,Darksiders,1
49350285,Day of Defeat Source,1
49350285,Team Fortress 2,1
49350285,Codename CURE,1
49350285,Enclave,1
49350285,Half-Life 2 Deathmatch,1
60217594,Counter-Strike,5
60217594,Counter-Strike Global Offensive,5
60217594,Clicker Heroes,5
60217594,Gems of War,5
60217594,Counter-Strike Nexon Zombies,3
60217594,Dota 2,3
60217594,AdVenture Capitalist,3
60217594,Burnout Paradise The Ultimate Box,3
60217594,Sniper Elite V2,2
60217594,S.K.I.L.L. - Special Force 2,2
60217594,Path of Exile,2
60217594,Sniper Ghost Warrior 2,2
60217594,12 Labours of Hercules,2
60217594,9 Clues 2 The Ward,2
60217594,The Darkness II,1
60217594,Dishonored,1
60217594,Team Fortress 2,1
60217594,Strife,1
60217594,9 Clues The Secret of Serpent Creek,1
60217594,Frankenstein Master of Death,1
60217594,War Inc. Battlezone,1
60217594,Left 4 Dead 2,1
60217594,Fallout New Vegas,1
60217594,Far Cry 2,1
60217594,Warface,1
60217594,Sakura Clicker,1
60217594,Nikopol Secrets of the Immortals,1
60217594,Anomaly Warzone Earth,1
60217594,Lead and Gold - Gangs of the Wild West,1
60217594,Teddy Floppy Ear - The Race,1
60217594,Curse The Eye of Isis,1
113045977,Dota 2,1
85643975,Stronghold Kingdoms,5
85643975,Team Fortress 2,2
85643975,Half-Life 2 Episode Two,1
85643975,Half-Life 2,1
85643975,Half-Life 2 Episode One,1
85643975,Portal,1
85643975,Half-Life 2 Lost Coast,1
85643975,Left 4 Dead 2,1
88296152,Sniper Ghost Warrior,1
88296152,Rising Storm/Red Orchestra 2 Multiplayer,1
88296152,Dead Island,1
88296152,Magicka,1
88296152,Company of Heroes Tales of Valor,1
127706455,Team Fortress 2,2
117129725,Left 4 Dead 2,1
87879009,Counter-Strike,5
87879009,Counter-Strike Global Offensive,5
87879009,Counter-Strike Condition Zero,5
87879009,Counter-Strike Condition Zero Deleted Scenes,2
91800733,Fallout 4,5
91800733,Call of Duty Modern Warfare 3,3
91800733,Call of Duty Black Ops II,2
91800733,Left 4 Dead 2,2
91800733,Call of Duty Modern Warfare 3 - Multiplayer,2
91800733,DayZ,1
91800733,Call of Duty Black Ops II - Multiplayer,1
91800733,Call of Duty Black Ops II - Zombies,1
93812486,DC Universe Online,5
93812486,Super Meat Boy,2
93812486,Champions Online,1
106760673,Sid Meier's Civilization V,5
106760673,Left 4 Dead 2,5
106760673,Team Fortress 2,5
106760673,Garry's Mod,5
106760673,The Witcher Enhanced Edition,4
106760673,Half-Life 2,4
106760673,The Witcher 2 Assassins of Kings Enhanced Edition,3
106760673,Grand Theft Auto IV,2
106760673,Portal 2,2
106760673,Counter-Strike Global Offensive,2
106760673,Unturned,2
106760673,Grand Theft Auto Episodes from Liberty City,2
106760673,Tomb Raider,2
106760673,Killing Floor,1
106760673,Amnesia A Machine for Pigs,1
106760673,Metro 2033,1
106760673,Half-Life 2 Episode One,1
106760673,Guns of Icarus Online,1
106760673,Half-Life 2 Episode Two,1
106760673,SpeedRunners,1
106760673,Counter-Strike Source,1
106760673,PAYDAY The Heist,1
106760673,Killing Floor 2,1
106760673,Saints Row The Third,1
106760673,Portal,1
106760673,Terraria,1
106760673,Natural Selection 2,1
106760673,Mirror's Edge,1
106760673,Dead Island,1
106760673,Half-Life 2 Lost Coast,1
79407831,"Warhammer 40,000 Dawn of War II  Retribution",5
81139130,PAYDAY 2,5
81139130,Darksiders II,3
81139130,BioShock Infinite,2
81139130,Counter-Strike Source,2
81139130,Team Fortress 2,2
81139130,MURDERED SOUL SUSPECT,1
109201849,Half-Life 2,2
109201849,Team Fortress 2,2
109201849,Portal 2,1
109201849,Dungeon Defenders,1
109201849,Garry's Mod,1
109201849,Worms Reloaded,1
109201849,Psychonauts,1
109201849,Sid Meier's Civilization V,1
109201849,Plants vs. Zombies Game of the Year,1
109201849,Rochard,1
109201849,Superbrothers Sword & Sworcery EP,1
96771844,Train Simulator,5
96771844,H1Z1,3
96771844,Left 4 Dead 2,1
62985928,Mystery PI The Vegas Heist,3
62985928,Mystery P.I. The Lottery Ticket,2
62985928,Amazing Adventures Around the World,2
62985928,Mishap An Accidental Haunting,2
62985928,Chuzzle Deluxe,2
62985928,The Tiny Bang Story,2
62985928,The Wizard's Pen,1
62985928,Amazing Adventures The Lost Tomb,1
62985928,Big Money! Deluxe,1
62985928,Escape Rosecliff Island,1
62985928,Talismania Deluxe,1
62985928,Dynomite! Deluxe,1
62985928,Anno 2070,1
62985928,Bejeweled Deluxe,1
62985928,Feeding Frenzy 2 Shipwreck Showdown Deluxe,1
62985928,Bejeweled 2 Deluxe,1
142183287,Left 4 Dead 2,2
142183287,Dota 2,1
121280370,Terraria,5
121280370,The Binding of Isaac,5
121280370,Fallout New Vegas,5
121280370,Saints Row The Third,5
121280370,The Binding of Isaac Rebirth,5
121280370,Saints Row IV,4
121280370,Alice Madness Returns,3
121280370,Unturned,3
121280370,"Papers, Please",3
121280370,Chivalry Medieval Warfare,2
121280370,The Witcher Enhanced Edition,2
121280370,Amnesia The Dark Descent,1
121280370,Left 4 Dead 2,1
121280370,Dota 2,1
121280370,Two Worlds II,1
69132252,Magicka,1
143734410,Dota 2,1
141414004,Dead Island,2
131730206,Dota 2,1
126098408,Age of Empires II HD Edition,5
126098408,Archeblade,5
126098408,Counter-Strike Global Offensive,5
126098408,Half-Life 2,5
126098408,Medal of Honor(TM) Multiplayer,4
126098408,Crysis 2 Maximum Edition,2
126098408,Medal of Honor(TM) Single Player,2
126098408,Neverwinter,2
126098408,CroNix,1
126098408,Command and Conquer Red Alert 3 - Uprising,1
126098408,Mirror's Edge,1
108755905,Sid Meier's Civilization V,2
87071236,Dota 2,5
87071236,Stronghold Kingdoms,5
87071236,Sid Meier's Civilization V,5
87071236,Call of Duty Modern Warfare 3 - Multiplayer,5
87071236,Counter-Strike Global Offensive,5
87071236,Team Fortress 2,5
87071236,Portal 2,5
87071236,Call of Duty Modern Warfare 3,5
87071236,Terraria,5
87071236,Planetary Annihilation,5
87071236,Half-Life 2,4
87071236,Counter-Strike,4
87071236,S.T.A.L.K.E.R. Shadow of Chernobyl,3
87071236,Call of Duty Black Ops II - Zombies,3
87071236,Portal,3
87071236,Synergy,3
87071236,Half-Life,3
87071236,Counter-Strike Source,2
87071236,Garry's Mod,2
87071236,Half-Life 2 Deathmatch,2
87071236,Borderlands,2
87071236,Half-Life 2 Episode Two,2
87071236,PAYDAY The Heist,2
87071236,Half-Life 2 Episode One,2
87071236,Universe Sandbox,1
87071236,Left 4 Dead 2,1
87071236,Tom Clancy's Splinter Cell Conviction,1
87071236,Sins of a Solar Empire Rebellion,1
87071236,Sniper Elite V2,1
87071236,Orcs Must Die! 2,1
87071236,Hunting Unlimited 2010,1
87071236,Sanctum,1
87071236,Nether,1
87071236,Thinking with Time Machine,1
87071236,GameMaker Studio,1
87071236,POSTAL 2,1
87071236,Fallout 3,1
87071236,Half-Life Blue Shift,1
87071236,Fallout New Vegas,1
87071236,Half-Life 2 Lost Coast,1
87071236,Call of Duty Black Ops II - Multiplayer,1
87071236,Worms Revolution,1
87071236,S.T.A.L.K.E.R. Clear Sky,1
1364546,Counter-Strike,5
1364546,Alien Swarm,1
83813208,Team Fortress 2,1
86150792,Portal,1
86150792,Half-Life 2,1
86150792,Alien Swarm,1
101487265,Dota 2,5
101487265,Ragnarok Online 2,5
101487265,FreeStyle2 Street Basketball,3
76319436,Counter-Strike Condition Zero,1
76319436,Counter-Strike,1
58977564,Counter-Strike Global Offensive,5
58977564,Call of Duty Modern Warfare 2 - Multiplayer,5
58977564,Call of Duty Modern Warfare 2,1
58977564,Counter-Strike,1
131973876,AdVenture Capitalist,5
131973876,Arma 3,5
131973876,Rust,5
131973876,Clicker Heroes,4
131973876,Dungeon Defenders II,3
131973876,Magicka Wizard Wars,2
131973876,Company of Heroes 2,2
131973876,Grand Theft Auto V,2
131973876,Borderlands 2,2
131973876,Don't Starve Together Beta,2
131973876,Dead Rising 3,1
131973876,The Elder Scrolls V Skyrim,1
131973876,Alice Madness Returns,1
131973876,Team Fortress 2,1
131973876,Don't Starve,1
131973876,Dead Island Epidemic,1
131973876,Dungeonland,1
106057222,Team Fortress 2,5
106057222,XCOM Enemy Unknown,5
106057222,Planetary Annihilation,5
106057222,Supreme Commander 2,5
106057222,Natural Selection 2,2
106057222,Dota 2,1
106057222,Zombie Driver HD,1
112088340,Football Manager 2014,5
138570935,Garry's Mod,5
138570935,Dota 2,2
138570935,Left 4 Dead 2,1
138570935,PlanetSide 2,1
138570935,Team Fortress 2,1
138570935,Ragnarok Online 2,1
138570935,Archeblade,1
138570935,PAYDAY The Heist,1
138570935,Afterfall InSanity Extended Edition,1
128478373,Dota 2,1
139396034,Dota 2,2
55623839,Call of Duty Modern Warfare 2 - Multiplayer,5
55623839,Call of Duty Black Ops - Multiplayer,4
55623839,Call of Duty Modern Warfare 2,3
55623839,Call of Duty Black Ops,2
136913396,Dota 2,5
136913396,Counter-Strike Global Offensive,2
80022321,X-COM Terror from the Deep,5
80022321,X-COM Interceptor,2
80022321,Kerbal Space Program,1
80022321,X-COM UFO Defense,1
91881892,H1Z1,5
91881892,Unturned,1
91881892,Burstfire,1
58667850,Call of Duty Modern Warfare 2 - Multiplayer,5
58667850,Call of Duty Modern Warfare 2,4
113423671,Dota 2,5
113423671,Counter-Strike Global Offensive,5
113423671,NBA 2K16,2
113423671,FreeStyle2 Street Basketball,1
83751255,Team Fortress 2,5
83751255,Deus Ex Human Revolution,3
96977722,Team Fortress 2,3
96977722,Napoleon Total War,1
4485779,Counter-Strike,5
93575977,Mafia II,1
68316900,The Elder Scrolls V Skyrim,5
68316900,Grand Theft Auto San Andreas,5
68316900,Deus Ex Human Revolution,5
68316900,Grand Theft Auto IV,5
68316900,The Witcher Enhanced Edition,5
68316900,Fallout 4,4
68316900,L.A. Noire,3
68316900,Grand Theft Auto Vice City,3
68316900,Half-Life Source,3
68316900,Portal,3
68316900,BioShock Infinite,3
68316900,Terraria,3
68316900,Grand Theft Auto III,2
68316900,Assassin's Creed II,2
68316900,Half-Life 2 Episode Two,2
68316900,LIMBO,2
68316900,Half-Life 2 Episode One,2
68316900,BioShock,2
68316900,Braid,2
68316900,Hitman Codename 47,2
68316900,Dark Souls Prepare to Die Edition,1
68316900,Far Cry 2,1
68316900,Deus Ex Game of the Year Edition,1
68316900,Rome Total War,1
68316900,Total War SHOGUN 2,1
68316900,Killing Floor,1
68316900,Dead Space,1
68316900,The Elder Scrolls III Morrowind,1
68316900,Metro 2033,1
68316900,The Elder Scrolls IV Oblivion ,1
68316900,Grand Theft Auto,1
68316900,Half-Life Deathmatch Source,1
68316900,Psychonauts,1
71943253,Napoleon Total War,5
86915561,Team Fortress 2,3
98312003,Counter-Strike Source,5
98312003,Counter-Strike Global Offensive,5
98312003,Torchlight II,5
98312003,Rise of Nations Extended Edition,3
98312003,Bejeweled 3,2
98312003,Half-Life Source,2
98312003,Deus Ex Human Revolution,1
98312003,Counter-Strike,1
98312003,BioShock,1
98312003,Portal 2,1
76171050,Call of Duty Modern Warfare 2 - Multiplayer,5
76171050,Call of Duty Modern Warfare 2,3
58439284,Call of Duty Modern Warfare 2,5
58439284,Call of Duty Black Ops,3
58439284,Call of Duty Modern Warfare 3,3
58439284,Call of Duty Black Ops - Multiplayer,1
90362252,Team Fortress 2,1
103574570,Call of Duty Black Ops - Multiplayer,4
103574570,Left 4 Dead 2,1
101315169,Star Wars - Battlefront II,1
58768356,Team Fortress 2,5
58768356,Total War SHOGUN 2,5
58768356,Rome Total War,5
58768356,Portal 2,5
58768356,Sid Meier's Civilization V,5
58768356,Fallout 3 - Game of the Year Edition,5
58768356,Medieval II Total War,5
58768356,Magic 2014 ,5
58768356,Orcs Must Die! 2,4
58768356,Portal,3
58768356,Magic The Gathering - Duels of the Planeswalkers,2
58768356,Magic Duels,2
58768356,Total War ROME II - Emperor Edition,2
58768356,Amnesia The Dark Descent,2
58768356,LIMBO,2
58768356,Puzzle Dimension,2
58768356,Dota 2,1
58768356,Cogs,1
58768356,Shatter,1
58768356,Droplitz,1
58768356,Superbrothers Sword & Sworcery EP,1
58768356,PC Gamer,1
58768356,Tidalis,1
58768356,Psychonauts,1
30036927,Team Fortress 2,5
30036927,DiRT 2,2
83420834,Counter-Strike Source,5
83420834,Left 4 Dead 2,3
83420834,Team Fortress 2,2
83420834,Borderlands,1
83420834,Monday Night Combat,1
83420834,Lead and Gold - Gangs of the Wild West,1
83420834,Half-Life 2 Deathmatch,1
83420834,Kane & Lynch 2 Dog Days,1
104032602,Dota 2,5
104032602,Small World 2,3
104032602,Scribblenauts Unlimited,1
104032602,Dungeon Defenders,1
104032602,Torchlight II,1
11973378,Counter-Strike Source,1
75277726,Borderlands,5
75277726,Grand Theft Auto San Andreas,5
75277726,Fallout New Vegas,3
75277726,Call of Duty Black Ops - Multiplayer,1
75277726,Call of Duty Black Ops,1
75277726,Iron Grip Warlord,1
118664413,Grand Theft Auto San Andreas,1
118664413,Syberia,1
118664413,Mirror's Edge,1
118664413,Counter-Strike Global Offensive,1
118664413,Need for Speed Hot Pursuit,1
118664413,Prototype,1
118664413,Grand Theft Auto San Andreas,1
118664413,Dota 2,1
78341587,Just Cause 2,5
78341587,Borderlands 2,5
78341587,Assassin's Creed IV Black Flag,5
78341587,Sid Meier's Civilization V,5
78341587,Assassin's Creed Brotherhood,5
78341587,Saints Row The Third,5
78341587,Portal 2,5
78341587,Blacklight Retribution,4
78341587,Assassin's Creed II,4
78341587,Far Cry 3,4
78341587,The Elder Scrolls V Skyrim,3
78341587,Just Cause 2 Multiplayer Mod,3
78341587,Shadow Warrior,2
78341587,Counter-Strike Global Offensive,2
78341587,Trine,2
78341587,BioShock,2
78341587,Just Cause 3,2
78341587,Ultra Street Fighter IV,2
78341587,Kerbal Space Program,2
78341587,Mark of the Ninja,2
78341587,Torchlight,1
78341587,Portal,1
78341587,FTL Faster Than Light,1
78341587,Uplink,1
78341587,Assassin's Creed Revelations,1
78341587,Goat Simulator,1
78341587,Intrusion 2,1
78341587,Crysis,1
78341587,Bastion,1
78341587,Sanctum,1
78341587,SpaceChem,1
78341587,Grand Theft Auto IV,1
78341587,3DMark,1
78341587,Fallout New Vegas,1
78341587,BIT.TRIP RUNNER,1
78341587,Jamestown,1
78341587,Assassin's Creed,1
78341587,Sonic Generations,1
78341587,Poker Night 2,1
78341587,Atom Zombie Smasher ,1
78341587,Revenge of the Titans,1
78341587,Crysis 2 Maximum Edition,1
78341587,Team Fortress 2,1
78341587,Red Faction Guerrilla Steam Edition,1
78341587,Universe Sandbox,1
78341587,Shatter,1
78341587,DLC Quest,1
78341587,Super Meat Boy,1
78341587,Terraria,1
78341587,Far Cry 3 Blood Dragon,1
78341587,Hotline Miami,1
78341587,Blocks That Matter,1
78341587,Saints Row IV,1
78341587,Machinarium,1
78341587,Cogs,1
78341587,Garry's Mod,1
78341587,Joe Danger 2 The Movie,1
78341587,Tiny and Big Grandpa's Leftovers,1
78341587,Osmos,1
78341587,The Binding of Isaac,1
78341587,Steel Storm Burning Retribution,1
78341587,DEFCON,1
78341587,Gratuitous Space Battles,1
78341587,Crayon Physics Deluxe,1
78341587,Amnesia The Dark Descent,1
78341587,FEZ,1
78341587,Strike Suit Zero,1
78341587,VVVVVV,1
78341587,Frozen Synapse,1
78341587,RACE 07,1
78341587,And Yet It Moves,1
78341587,Darwinia,1
78341587,BIT.TRIP Presents... Runner2 Future Legend of Rhythm Alien,1
78341587,Test Drive Unlimited 2,1
78341587,LEGO MARVEL Super Heroes,1
78341587,The Elder Scrolls IV Oblivion ,1
78341587,StarForge,1
108183518,Dota 2,5
106235885,Nether,1
106235885,SpeedRunners,1
106235885,SkyDrift,1
87832209,Counter-Strike Global Offensive,5
87832209,Realm of the Mad God,5
87832209,Batman Arkham City GOTY,5
87832209,Awesomenauts,4
87832209,Ace of Spades,4
87832209,Left 4 Dead 2,3
87832209,Dragon Nest Europe,3
87832209,Team Fortress 2,2
87832209,Loadout,2
87832209,The Binding of Isaac,2
87832209,War Inc. Battlezone,2
87832209,Terraria,2
87832209,Smashmuck Champions,2
87832209,Minimum,2
87832209,The Mighty Quest For Epic Loot,2
87832209,Insurgency Modern Infantry Combat,1
87832209,Neverwinter,1
87832209,Magicka Wizard Wars,1
87832209,BRINK,1
87832209,Dead Island Epidemic,1
87832209,Royal Quest,1
87832209,Magicka,1
87832209,Unturned,1
87832209,Defense Grid The Awakening,1
87832209,Dota 2,1
87832209,Firefall,1
87832209,Dungeon Siege III,1
87832209,Alan Wake,1
87832209,CroNix,1
87832209,Magic Barrage - Bitferno,1
115806772,Mad Max,5
115806772,Dota 2,1
115806772,Grand Theft Auto San Andreas,1
10216256,Half-Life 2 Episode Two,1
65421540,Counter-Strike Source,5
65421540,Half-Life 2 Lost Coast,1
65421540,Half-Life 2 Deathmatch,1
65421540,Day of Defeat Source,1
65421540,Alien Swarm,1
67628444,Sid Meier's Civilization V,3
67628444,Portal,1
67628444,Half-Life 2,1
67628444,Alien Swarm,1
67628444,Team Fortress 2,1
15680561,Half-Life 2,2
15680561,Team Fortress 2,1
15680561,Dear Esther,1
101030173,Duke Nukem Forever,1
77792512,Supreme Commander 2,5
77792512,Call of Juarez The Cartel,1
77792512,Sleeping Dogs,1
90541290,Counter-Strike Source,5
90541290,Saints Row 2,5
90541290,Team Fortress 2,5
90541290,Call of Duty Black Ops - Multiplayer,5
90541290,Garry's Mod,5
90541290,Saints Row The Third,5
90541290,Left 4 Dead 2,4
90541290,Dungeon Defenders,3
90541290,Half-Life 2 Deathmatch,3
90541290,Age of Chivalry,2
90541290,Call of Duty Black Ops,2
90541290,Day of Defeat Source,2
90541290,Zombie Panic Source,1
90541290,Half-Life 2 Lost Coast,1
85547059,Team Fortress 2,1
96014467,Total War ROME II - Emperor Edition,5
96014467,Total War SHOGUN 2,5
96014467,Might & Magic Heroes VI,5
96014467,The Elder Scrolls V Skyrim,5
96014467,Wargame Red Dragon,5
96014467,Total War ATTILA,5
96014467,Empire Total War,5
96014467,Arma 3,5
96014467,Call of Duty Ghosts,5
96014467,Medieval II Total War Kingdoms,4
96014467,Medieval II Total War,3
96014467,Rome Total War,2
96014467,Napoleon Total War,2
96014467,Call of Duty Ghosts - Multiplayer,2
96014467,Banished,2
96014467,Arma 2 Operation Arrowhead,2
96014467,DayZ,2
96014467,Men of War Assault Squad 2,2
96014467,Far Cry 2,2
96014467,War Thunder,2
96014467,Wargame European Escalation,1
96014467,GRID 2,1
96014467,The Elder Scrolls Online Tamriel Unlimited,1
96014467,Dota 2,1
96014467,Company of Heroes 2,1
96014467,Arma 2,1
96014467,Grand Theft Auto IV,1
96014467,Grand Theft Auto Episodes from Liberty City,1
96014467,Arma 2 Operation Arrowhead Beta (Obsolete),1
115275499,Dota 2,2
95203343,Stronghold 3,1
95911580,Europa Universalis IV,5
95911580,Crusader Kings II,5
95911580,Victoria II,5
95911580,Hearts of Iron III,5
95911580,Hegemony III Clash of the Ancients,3
95911580,Total War ROME II - Emperor Edition,3
95911580,Tropico 4,2
95911580,The Wolf Among Us,2
95911580,Commander Conquest of the Americas,2
95911580,Life Is Strange,2
95911580,Hegemony Gold Wars of Ancient Greece,2
95911580,Europa Universalis Rome - Gold Edition,2
95911580,Hotline Miami,1
93413084,Counter-Strike Global Offensive,5
93413084,Dota 2,5
93413084,DC Universe Online,5
93413084,Rust,5
93413084,Garry's Mod,5
93413084,Counter-Strike Source,5
93413084,Team Fortress 2,4
93413084,Unturned,3
93413084,Left 4 Dead 2,2
93413084,Deus Ex Human Revolution,2
93413084,Portal 2,2
93413084,The Walking Dead,2
93413084,The Binding of Isaac,2
93413084,Gear Up,1
93413084,Amnesia The Dark Descent,1
93413084,Call of Duty Modern Warfare 3,1
93413084,PAYDAY 2,1
93413084,Everlasting Summer,1
93413084,Call of Duty Modern Warfare 3 - Multiplayer,1
93413084,Half-Life 2 Deathmatch,1
93413084,Day of Defeat Source,1
24366790,The Elder Scrolls V Skyrim,5
24366790,ARK Survival Evolved,5
24366790,Team Fortress 2,5
24366790,RIFT,5
24366790,Empire Total War,5
24366790,Mount & Blade Warband,5
24366790,Prison Architect,5
24366790,Total War ROME II - Emperor Edition,5
24366790,Sid Meier's Civilization V,5
24366790,Robocraft,5
24366790,Cities Skylines,5
24366790,Unturned,5
24366790,RollerCoaster Tycoon 3 Platinum!,4
24366790,Company of Heroes (New Steam Version),3
24366790,Banished,3
24366790,South Park The Stick of Truth,3
24366790,Arma 3,2
24366790,Tropico 3 Absolute Power,2
24366790,Day of Defeat Source,2
24366790,Company of Heroes 2,2
24366790,"Warhammer 40,000 Dawn of War II",2
24366790,Left 4 Dead 2,2
24366790,Dirty Bomb,1
24366790,Counter-Strike Source,1
24366790,Left 4 Dead,1
24366790,Garry's Mod,1
24366790,STAR WARS Knights of the Old Republic II The Sith Lords,1
89732768,METAL GEAR SOLID V THE PHANTOM PAIN,5
89732768,DARK SOULS II,5
89732768,Pillars of Eternity,5
89732768,The Witcher 3 Wild Hunt,5
89732768,The Elder Scrolls V Skyrim,5
89732768,Divinity Original Sin,5
89732768,Fallout 4,5
89732768,Grand Theft Auto V,5
89732768,The Witcher Enhanced Edition,4
89732768,Rayman Legends,3
89732768,BioShock Infinite,3
89732768,Batman Arkham Knight,3
89732768,SOMA,2
89732768,Max Payne 3,2
89732768,Ori and the Blind Forest,1
89732768,Assassins Creed Unity,1
89732768,METAL GEAR SOLID V GROUND ZEROES,1
89732768,Shadow Warrior Classic (1997),1
89732768,Cry of Fear,1
124556386,Call of Duty Advanced Warfare - Multiplayer,5
124556386,Call of Duty Black Ops II - Multiplayer,5
124556386,Call of Duty Ghosts - Multiplayer,5
124556386,Call of Duty Black Ops III,5
124556386,Arma 3,3
124556386,Call of Duty Black Ops II,2
124556386,Grand Theft Auto V,2
124556386,GRID 2,2
124556386,Remember Me,2
124556386,Injustice Gods Among Us Ultimate Edition,2
124556386,RollerCoaster Tycoon 3 Platinum!,1
124556386,Quake II,1
124556386,Estranged Act I,1
124556386,Far Cry 3,1
124556386,Call of Duty Advanced Warfare,1
124556386,Pinball FX2,1
124556386,Quake III Arena,1
124556386,Tomb Raider II,1
124556386,Team Fortress 2,1
124556386,Tom Clancy's Ghost Recon Phantoms - EU,1
124556386,Call of Duty Black Ops II - Zombies,1
124556386,Tomb Raider,1
124556386,Pinball Arcade,1
124556386,Dota 2,1
124556386,Call of Duty Ghosts,1
123732393,Dead Island,1
86332470,Call of Duty Modern Warfare 3 - Multiplayer,5
86332470,Team Fortress 2,5
86332470,Call of Duty Modern Warfare 3,5
86332470,Deus Ex Human Revolution,5
86332470,L.A. Noire,4
86332470,Far Cry 3,4
86332470,Metro 2033,3
86332470,Burnout Paradise The Ultimate Box,2
86978692,Dota 2,4
107377573,Counter-Strike Global Offensive,5
107377573,Borderlands 2,5
107377573,Call of Duty Black Ops II - Multiplayer,5
107377573,METAL GEAR SOLID V THE PHANTOM PAIN,5
107377573,Team Fortress 2,5
107377573,Borderlands The Pre-Sequel,5
107377573,Just Cause 2,5
107377573,Saints Row IV,5
107377573,The Elder Scrolls V Skyrim,4
107377573,Blacklight Retribution,4
107377573,Assassin's Creed Brotherhood,4
107377573,Assassin's Creed II,4
107377573,Garry's Mod,4
107377573,Batman Arkham Knight,4
107377573,Tomb Raider,3
107377573,Far Cry 3,3
107377573,Call of Duty Modern Warfare 2 - Multiplayer,3
107377573,Batman Arkham City GOTY,3
107377573,Middle-earth Shadow of Mordor,3
107377573,Portal 2,3
107377573,Nosgoth,3
107377573,Rocket League,3
107377573,BioShock Infinite,2
107377573,Batman Arkham Origins,2
107377573,Dirty Bomb,2
107377573,PROTOTYPE 2,2
107377573,Firefall,2
107377573,Call of Duty Black Ops II - Zombies,2
107377573,Arma 3,2
107377573,PAYDAY 2,2
107377573,Tom Clancy's Ghost Recon Phantoms - EU,2
107377573,Fiesta Online,2
107377573,Gotham City Impostors Free To Play,2
107377573,BioShock,2
107377573,Mirror's Edge,1
107377573,Just Cause 2 Multiplayer Mod,1
107377573,Chivalry Medieval Warfare,1
107377573,Worms Revolution,1
107377573,Sniper Elite V2,1
107377573,The Mighty Quest For Epic Loot,1
107377573,Unturned,1
107377573,Left 4 Dead 2,1
107377573,PlanetSide 2,1
107377573,Call of Duty Black Ops II,1
107377573,Ace of Spades,1
107377573,Gear Up,1
107377573,Arma 2,1
39758678,Half-Life 2,4
39758678,Call of Duty Modern Warfare 2,3
39758678,Team Fortress 2,3
39758678,Half-Life 2 Episode Two,2
39758678,Half-Life 2 Episode One,2
39758678,Call of Duty Modern Warfare 2 - Multiplayer,2
39758678,Half-Life 2 Lost Coast,1
39758678,Portal,1
114972372,The Forest,5
114972372,Farming Simulator 15,5
114972372,XCOM Enemy Unknown,5
114972372,Euro Truck Simulator 2,3
114972372,Reign Of Kings,1
114972372,Defiance,1
114972372,Soccer Manager 2016,1
114972372,School of Dragons How to Train Your Dragon,1
114972372,Fishing Planet,1
114972372,theHunter,1
77279068,AdVenture Capitalist,5
77279068,Borderlands 2,5
77279068,Counter-Strike Global Offensive,5
77279068,Torchlight II,5
77279068,Marvel Heroes 2015,3
77279068,Team Fortress 2,3
77279068,Loadout,3
77279068,Disney Infinity 2.0,3
77279068,Left 4 Dead 2,3
77279068,Magicka Wizard Wars,1
77279068,Dota 2,1
77279068,Alien Swarm,1
77279068,Strife,1
77279068,DiRT Showdown,1
111003429,Team Fortress 2,1
80164199,Dota 2,5
80164199,AdVenture Capitalist,5
80164199,FINAL FANTASY VII,5
80164199,FTL Faster Than Light,2
80164199,Sid Meier's Civilization V,2
80164199,Clicker Heroes,1
80164199,Left 4 Dead 2,1
80164199,Path of Exile,1
80164199,SimCity 4 Deluxe,1
98278869,Serious Sam 3 BFE,5
56333620,The Elder Scrolls V Skyrim,5
56333620,Call of Duty Modern Warfare 2,5
56333620,Sleeping Dogs,5
56333620,Deus Ex Human Revolution,5
56333620,Call of Duty Black Ops,4
56333620,Lost Planet Extreme Condition,4
56333620,Middle-earth Shadow of Mordor,4
56333620,Mafia II,3
56333620,Darksiders,3
56333620,Dishonored,3
56333620,Portal 2,3
56333620,The Walking Dead,3
56333620,Just Cause 2,2
56333620,Call of Duty Modern Warfare 2 - Multiplayer,2
56333620,Duke Nukem Forever,2
56333620,Star Wars Jedi Knight Jedi Academy,2
56333620,Portal,1
56333620,Call of Duty Black Ops - Multiplayer,1
56333620,Team Fortress 2,1
56333620,The Stanley Parable,1
55143039,Sniper Ghost Warrior,5
55143039,Call of Duty Modern Warfare 2,3
55143039,Call of Duty Black Ops,1
55143039,Aliens vs. Predator,1
55143039,Team Fortress 2,1
131032344,Left 4 Dead 2,5
131032344,Insurgency,5
131032344,Rust,5
131032344,Max Payne 3,2
131032344,Tomb Raider,2
131032344,BioShock Infinite,2
131032344,Unturned,2
131032344,The Witcher 2 Assassins of Kings Enhanced Edition,2
131032344,Metro Last Light,2
131032344,No More Room in Hell,1
131032344,Team Fortress 2,1
131032344,Heroes & Generals,1
94356420,Call of Duty Black Ops,2
52942891,Empire Total War,5
52942891,SMITE,3
52942891,Team Fortress 2,3
52942891,Dota 2,1
52942891,WORLD END ECONOMiCA episode.01,1
83219649,Duke Nukem Forever,2
92393218,Assassin's Creed IV Black Flag,5
92393218,Assassin's Creed III,5
92393218,The Elder Scrolls V Skyrim,5
92393218,Company of Heroes (New Steam Version),5
92393218,Dishonored,5
92393218,Kerbal Space Program,5
92393218,Space Engineers,5
92393218,The Witcher Enhanced Edition,5
92393218,X3 Albion Prelude,5
92393218,Age of Empires III Complete Collection,5
92393218,Batman Arkham Asylum GOTY Edition,5
92393218,Icewind Dale Enhanced Edition,5
92393218,Sid Meier's Civilization V,5
92393218,METAL GEAR SOLID V THE PHANTOM PAIN,5
92393218,The Settlers 7 Paths to a Kingdom - Gold Edition,5
92393218,Endless Space,5
92393218,Cities Skylines,5
92393218,Star Trek Online,5
92393218,Europa Universalis IV,5
92393218,BioShock Infinite,5
92393218,Banished,5
92393218,Assassin's Creed,5
92393218,Middle-earth Shadow of Mordor,5
92393218,Portal 2,5
92393218,Thief,5
92393218,Train Fever,5
92393218,Pillars of Eternity,5
92393218,Command and Conquer Red Alert 3,5
92393218,The Witcher 2 Assassins of Kings Enhanced Edition,4
92393218,StarForge,4
92393218,Tomb Raider,4
92393218,Offworld Trading Company,4
92393218,Besiege,3
92393218,Star Wars Knights of the Old Republic,3
92393218,BioShock,3
92393218,Empyrion - Galactic Survival,3
92393218,Sunless Sea,3
92393218,Maia,3
92393218,RIFT,3
92393218,Portal,3
92393218,Path of Exile,2
92393218,Medieval II Total War,2
92393218,Battlestations Pacific,2
92393218,Savage Lands,2
92393218,Medieval Engineers,2
92393218,METAL GEAR SOLID V GROUND ZEROES,2
92393218,Dragon Age Origins - Ultimate Edition,2
92393218,Sanctum 2,1
92393218,Thief 2,1
92393218,Company of Heroes Tales of Valor,1
92393218,LEGO Worlds,1
92393218,Small World 2,1
92393218,X-Tension,1
92393218,Thief Gold,1
92393218,Dungeon Siege,1
92393218,Hitman Codename 47,1
92393218,X3 Terran Conflict,1
92393218,Tomb Raider I,1
92393218,Company of Heroes,1
85759872,Star Trek Online,5
85759872,Neverwinter,5
85759872,Space Engineers,3
85759872,The Elder Scrolls V Skyrim,2
85759872,Dungeon Siege III,2
85759872,PlanetSide 2,2
85759872,Castle Story,1
85759872,Team Fortress 2,1
98625085,Team Fortress 2,1
103805799,Team Fortress 2,1
114364553,Terraria,3
114364553,Super Meat Boy,1
114364553,Call of Duty Modern Warfare 2 - Multiplayer,1
103171339,Team Fortress 2,1
14098833,Counter-Strike Source,3
14098833,Counter-Strike,2
75011941,Call of Duty Black Ops,5
75011941,Just Cause 2,1
75011941,Call of Duty Black Ops - Multiplayer,1
75011941,Fallout New Vegas,1
75011941,Sid Meier's Civilization V,1
115192877,Football Manager 2014,5
115192877,Age of Empires II HD Edition,5
115192877,Football Manager 2013,5
115192877,Football Manager 2016,5
95044091,Napoleon Total War,3
95044091,Company of Heroes 2,3
95044091,Tropico 4,3
95044091,Call of Duty Modern Warfare 2,2
95044091,Stronghold 3,2
95044091,Call of Duty Modern Warfare 2 - Multiplayer,1
81054122,Football Manager 2013,5
81054122,Football Manager 2012,5
81054122,Football Manager 2014,5
81054122,Football Manager 2015,5
81054122,Football Manager 2016,5
81054122,Crusader Kings II,5
66713604,Machinarium,1
86779448,Dota 2,5
86779448,AirMech,1
86779448,Team Fortress 2,1
86779448,Realm of the Mad God,1
106147454,The Elder Scrolls V Skyrim,5
106147454,Left 4 Dead 2,5
106147454,Infestation Survivor Stories,5
106147454,Garry's Mod,5
106147454,Team Fortress 2,4
106147454,Nosgoth,4
106147454,7 Days to Die,4
106147454,Chivalry Medieval Warfare,4
106147454,Killing Floor,3
106147454,Borderlands 2,3
106147454,Hitman Absolution,3
106147454,DiRT Showdown,3
106147454,PROTOTYPE 2,3
106147454,Batman Arkham Origins,3
106147454,Sniper Elite Nazi Zombie Army,3
106147454,Counter-Strike Source,3
106147454,No More Room in Hell,3
106147454,South Park The Stick of Truth,2
106147454,Aliens Colonial Marines,2
106147454,Battlefield Bad Company 2,2
106147454,BioShock Infinite,2
106147454,ORION Prelude,2
106147454,Tomb Raider,2
106147454,Dead Island,2
106147454,Portal 2,2
106147454,LEGO The Lord of the Rings,2
106147454,Fistful of Frags,2
106147454,Worms Reloaded,2
106147454,Portal,2
106147454,Assassin's Creed III,2
106147454,Star Wars - Battlefront II,2
106147454,Grand Theft Auto IV,2
106147454,Dead Rising 2,2
106147454,Toribash,2
106147454,Injustice Gods Among Us Ultimate Edition,2
106147454,Nether,2
106147454,Lucius,2
106147454,LEGO Batman 3 Beyond Gotham,1
106147454,Primal Carnage,1
106147454,PAYDAY 2,1
106147454,Half-Life 2,1
106147454,Sniper Elite V2,1
106147454,Depth,1
106147454,Natural Selection 2,1
106147454,Unturned,1
106147454,Goat Simulator,1
106147454,Surgeon Simulator,1
106147454,Contagion,1
106147454,Arma 2 DayZ Mod,1
106147454,Aftermath,1
106147454,The Stanley Parable,1
106147454,Arma 2 Operation Arrowhead,1
106147454,Warface,1
106147454,Dishonored,1
106147454,Heroes & Generals,1
106147454,Double Action Boogaloo,1
106147454,Quantum Rush Online,1
106147454,Hazard Ops,1
106147454,Hitman Sniper Challenge,1
106147454,Survarium,1
106147454,Life Is Strange,1
106147454,Arma 2,1
106147454,Cry of Fear,1
106147454,Arma 2 Operation Arrowhead Beta (Obsolete),1
106147454,sZone-Online,1
106147454,Darkwind War on Wheels,1
106147454,Robocraft,1
94086389,Call of Duty Modern Warfare 3 - Multiplayer,5
94086389,Call of Duty Modern Warfare 3,5
143137329,Dota 2,5
115813584,DOOM 3 BFG Edition,1
100478352,The Elder Scrolls V Skyrim,5
76916895,Deus Ex Game of the Year Edition,1
129272742,Source Filmmaker,4
103012052,Team Fortress 2,1
113058136,Team Fortress 2,1
95273667,Call of Duty Modern Warfare 3,2
95273667,Call of Duty Modern Warfare 3 - Multiplayer,1
62601134,Metro 2033,2
128240584,Team Fortress 2,3
128240584,DC Universe Online,2
84455820,The Elder Scrolls V Skyrim,5
84455820,Terraria,5
84455820,Pillars of Eternity,5
84455820,Borderlands The Pre-Sequel,5
84455820,Warlock 2 the Exiled,5
84455820,Renowned Explorers International Society,5
84455820,Starbound,5
84455820,4 Elements,5
84455820,The Witcher Enhanced Edition,4
84455820,Star Wars Knights of the Old Republic,3
84455820,HuniePop,3
84455820,Torchlight II,3
84455820,Recettear An Item Shop's Tale,3
84455820,Dungeon Defenders,2
84455820,STAR WARS Knights of the Old Republic II The Sith Lords,2
84455820,RPG Maker VX Ace,2
84455820,Peggle Deluxe,2
84455820,Space Pirates and Zombies,2
84455820,The Wolf Among Us,2
84455820,NEO Scavenger,2
84455820,Endless Space,2
84455820,Xenonauts,2
84455820,State of Decay,2
84455820,Always Sometimes Monsters,2
84455820,XCOM Enemy Unknown,2
84455820,Mark of the Ninja,2
84455820,Anno 2070,2
84455820,Redshirt,2
84455820,Knights of Pen and Paper +1,2
84455820,Reus,1
84455820,Prison Architect,1
84455820,Shadowrun Returns,1
84455820,Team Fortress 2,1
84455820,Democracy 3,1
84455820,Puzzle Quest,1
84455820,Deponia,1
84455820,Agarest Zero,1
84455820,Darkest Dungeon,1
84455820,Worms Revolution,1
84455820,Zafehouse Diaries,1
84455820,Evil Genius,1
84455820,Crusader Kings II,1
84455820,Vertical Drop Heroes HD,1
84455820,Five Nights at Freddy's,1
84455820,Sid Meier's Pirates!,1
84455820,CastleStorm,1
84455820,Plague Inc Evolved,1
84455820,Nation Red,1
84455820,Rebel Galaxy,1
84455820,Warframe,1
84455820,Noir Syndrome,1
84455820,Gone Home,1
84455820,Door Kickers,1
84455820,Universe Sandbox,1
84455820,Divinity Dragon Commander,1
84455820,Skulls of the Shogun,1
84455820,DUNGEONS - Steam Special Edition,1
84455820,Path of Exile,1
84455820,Left 4 Dead 2,1
84455820,This War of Mine,1
84455820,Cosmonautica,1
84455820,Sengoku,1
84455820,The Witcher 2 Assassins of Kings Enhanced Edition,1
84455820,Mabinogi,1
84455820,Shattered Planet,1
84455820,Dungeons of Dredmor,1
84455820,Worms Ultimate Mayhem,1
84455820,Unholy Heights,1
84455820,Sunless Sea,1
84455820,Pixel Piracy,1
84455820,Ultra Street Fighter IV,1
84455820,Reverse Crawl,1
84455820,Stronghold Kingdoms,1
84455820,Q.U.B.E Director's Cut,1
84455820,The Book of Unwritten Tales,1
84455820,Puzzle Pirates,1
84455820,AdVenture Capitalist,1
84455820,Frozen Synapse Prime,1
84455820,Knock-knock,1
84455820,Nimble Quest,1
84455820,Vampire The Masquerade - Bloodlines,1
84455820,Relic Hunters Zero,1
60424237,Counter-Strike,2
80905023,Empire Total War,1
4986667,Counter-Strike,5
71704418,Call of Duty Modern Warfare 2 - Multiplayer,5
71704418,Call of Duty Modern Warfare 3 - Multiplayer,5
71704418,Call of Duty Modern Warfare 2,3
71704418,Call of Duty Modern Warfare 3,2
71704418,Team Fortress 2,1
129982462,Surgeon Simulator,1
95586525,Call of Duty Modern Warfare 3 - Multiplayer,5
95586525,Call of Duty Modern Warfare 3,4
65394447,Dota 2,1
115959445,Team Fortress 2,3
115959445,Warframe,2
115959445,No More Room in Hell,1
115959445,Heroes & Generals,1
115959445,Tom Clancy's Ghost Recon Phantoms - NA,1
80117314,Call of Duty Black Ops,1
141873792,Far Cry 3,5
141873792,The Elder Scrolls V Skyrim,5
141873792,Saints Row IV,4
141873792,Counter-Strike Global Offensive,4
141873792,Trove,4
141873792,FINAL FANTASY XIII,3
141873792,Burnout Paradise The Ultimate Box,3
141873792,Tomb Raider,3
141873792,NARUTO SHIPPUDEN Ultimate Ninja STORM 3 Full Burst,2
141873792,SMITE,2
141873792,Warframe,1
141873792,Team Fortress 2,1
141873792,Unturned,1
141873792,Chivalry Medieval Warfare,1
141873792,Dishonored,1
141873792,Just Cause 2,1
141873792,Assassin's Creed IV Black Flag,1
141873792,Garry's Mod,1
141873792,A.V.A - Alliance of Valiant Arms,1
141873792,WARMODE,1
141873792,Goat Simulator,1
141873792,The Witcher 3 Wild Hunt,1
141873792,Loadout,1
